編號,鄉鎮市(區),收容場所名稱,衛福部重災系統災民收容所編號,"面積
（平方公尺）",預估收容人數,管理人,聯絡電話,地址,應收容村里別,適用災害類型,X軸,Y軸
1,仁愛區,仁愛區公所,SC200-0001,335,67,劉德義,"（02）24301122 ext.205
0983228877",基隆市仁愛區光一路28號6樓,書院里,"■震災■風災■水災■火災
■土石流災害■坡災■海嘯災害",324289.47,2779849.634
2,仁愛區,虹橋水錦聯合里民活動中心,SC200-0002,309,62,"邱啟毓
胡燿麟","（02）24301122 ext.311
0988331358
0912528028",基隆市仁愛區仁二路53號,"虹橋里
水錦里","■震災■風災■水災■火災
■土石流災害■坡災□海嘯災害",325595.19,2780127.566
3,仁愛區,林泉里民活動中心,SC200-0003,300,60,王偉鋕,"（02）24301122 ext.313
0928106078",基隆市仁愛區復興街60巷2號,林泉里,"■震災■風災■水災■火災
■土石流災害■坡災■海嘯災害",325800.16,2779775.008
4,仁愛區,花崗里活動中心,SC200-0004,126,26,胡燿麟,"（02）24301122 ext.308
0912528028",基隆市仁愛區劉銘傳路11巷24弄3號,花崗里,"■震災■風災■水災■火災
■土石流災害■坡災□海嘯災害",325813.53,2780079.297
5,仁愛區,智仁里民活動中心,SC200-0005,369,74,陳建任,"（02）24301122 ext.308
0933389159",基隆市仁愛區延平街7號,智仁里,"■震災■風災□水災■火災
■土石流災害■坡災□海嘯災害",325487.54,2780072.592
6,仁愛區,和明里民活動中心,SC200-0006,369.26,74,劉慈芬,"（02）24301122 ext.316
0983570083",基隆市仁愛區仁二路137巷2弄1之3號,和明里,"■震災■風災□水災■火災
■土石流災害■坡災■海嘯災害",325186.43,2779985.099
7,仁愛區,忠勇里民活動中心,SC200-0007,150,30,謝秉均,"（02）24301122 ext.312
0905721731",基隆市仁愛區愛五路6巷32號,忠勇里,"□震災■風災□水災■火災
■土石流災害■坡災■海嘯災害",325123.92,2780092.589
8,仁愛區,玉田里民活動中心,SC200-0008,150,30,邱啟毓,"（02）24301122 ext.306
0933766411",基隆市仁愛區愛四路2巷22之1號,玉田里,"■震災■風災■水災■火災
■土石流災害■坡災■海嘯災害",325000.88,2780065.032
9,仁愛區,仁德里民活動中心,SC200-0009,179,36,黃麗梅,"（02）24301122 ext.307
0920249256",基隆市仁愛區孝一路82之1號2樓旁通道,仁?里,"□震災■風災□水災■火災
■土石流災害■坡災□海嘯災害",324739.56,2780342.513
10,仁愛區,博愛里民活動中心,SC200-0010,264,53,吳靜宜,"（02）24301122 ext.316
0922768058",基隆市仁愛區愛一路8號3樓之7,博愛里,"□震災■風災■水災■火災
■土石流災害■坡災□海嘯災害",324696.03,2780170.897
11,仁愛區,福仁里民活動中心,SC200-0011,170,34,謝秉均,"（02）24301122 ext.312
0905721731",基隆市仁愛區南榮路117巷31弄1號,"福仁里
誠仁里","■震災■風災■水災■火災
■土石流災害■坡災■海嘯災害",324989.73,2779915.598
12,仁愛區,吉仁里民活動中心,SC200-0012,200,40,范鴻軒,"（02）24301122 ext.315
0916992590
李里長0932161557",基隆市仁愛區南新街29之6號,吉仁里,"■震災■風災■水災■火災
■土石流災害■坡災■海嘯災害",325039.674,2779688.237
13,仁愛區,育仁里民活動中心,SC200-0013,124,25,林香垂,"（02）24301122 ext.307
0922566137",基隆市仁愛區南榮路269巷28之1號,育仁里,"□震災□風災■水災■火災
■土石流災害■坡災■海嘯災害",325024.18,2779319.608
14,仁愛區,文安里民活動中心,SC200-0015,100,20,賴煒曾,"（02）24301122 ext.306
0988331358
李里長24252020、0910280339",基隆市仁愛區仁五路20號2樓,"文安里
崇文里","■震災■風災■水災■火災
■土石流災害■坡災□海嘯災害",324699.756,2780118.952
15,仁愛區,兆連里民活動中心,SC200-0016,241,49,吳純菁,"（02）24301122 ext.310
0983228877",基隆市仁愛區獅球路25巷8號,兆連里,"■震災■風災□水災■火災
■土石流災害■坡災□海嘯災害",324505.42,2779862.205
16,仁愛區,獅球書院聯合里民活動中心,SC200-0017,208.67,42,"林香垂
許玉芬","（02）24301122 ext.309
0922566137",基隆市仁愛區獅球路50號,"獅球里
書院里","■震災■風災■水災■火災
■土石流災害■坡災□海嘯災害",324315.935,2779768.071
17,仁愛區,朝棟里民活動中心,SC200-0018,421,85,陳家麟,"（02）24301122 ext.310
0916989042",基隆市仁愛區成功一路133巷5號,朝棟里,"■震災■風災□水災■火災
■土石流災害■坡災□海嘯災害",324238.52,2780228.438
18,仁愛區,光華里民活動中心,SC200-0019,350,70,范鴻軒,"（02）24301122 ext.319
0916992590",基隆市仁愛區光一路28號5樓,光華里,"■震災■風災■水災■火災
■土石流災害■坡災■海嘯災害",324289.47,2779849.634
19,仁愛區,明德里民活動中心,SC200-0020,144,29,黃旭惠,"（02）24301122 ext.309
0958316716",基隆市仁愛區自來街13巷5之2號,明德里,"■震災■風災□水災■火災
■土石流災害■坡災□海嘯災害",324515.48,2780117.59
20,仁愛區,同風里民活動中心,SC200-0021,65,13,"黃麗梅
楊春生里長","（02）24301122 ext.307
0920249256
24288731、0933932877",基隆市仁愛區孝二路39號7樓12室（忠孝大樓）,同風里,"■震災■風災■水災■火災
■土石流災害■坡災■海嘯災害",324557.96,2780256.72
21,仁愛區,文昌里民活動中心,SC200-0022,179,36,黃旭惠,"（02）24301122 ext.309
0958316716",基隆市仁愛區孝四路10之1號（陸橋下）,文昌里,"■震災■風災□水災■火災
■土石流災害■坡災□海嘯災害",324468.65,2780453.987
22,仁愛區,新店里民活動中心,SC200-0023,170,34,吳靜宜,"（02）24301122 ext.316
0922768058",基隆市仁愛區孝一路100之1號2樓旁通道,新店里,"■震災■風災■水災■火災
■土石流災害■坡災□海嘯災害",324678.38,2780238.227
23,仁愛區,仁愛國小,SC200-0024,852,171,江家慶,"（02）24289131ext.30
0935193183",基隆市仁愛區仁二路139號,"智仁里
和明里
忠勇里","■震災■風災■水災■火災
■土石流災害■坡災□海嘯災害",325236.527,2780146.635
24,仁愛區,南榮國小,SC200-0025,824.34,165,總務主任翁瑞宏,（02）24223038ext.30,基隆市仁愛區南榮路321號,"龍門里
德厚里
曲水里
英仁里","■震災■風災■水災■火災
■土石流災害■坡災□海嘯災害",324818.48,2779365.724
25,仁愛區,新忠勇里民活動中心,SC200-0026,86.42,30,謝秉均,"(02)24301122ext312
0905-721731",基隆市仁愛區仁三路3巷2弄1-1號,忠勇里,"■震災■風災■水災■火災
■土石流災害■坡災■海嘯災害",325073.511,2780095.862
26,信義區,信義區公所,SC201-0001,583.7,117,課員吳明政,"（02）24282101#204
0912453680",基隆市信義區信二路179號,轄內各里,"■震災■風災■水災■火災
□土石流災害□坡災■海嘯災害",325759.551,2780335.581
27,信義區,仁義里民活動中心,SC201-0003,184,37,王柏力,"（02）24287750
0933240267",基隆市信義區信二路246巷32號,"仁義里
人壽里","■震災■風災■水災■火災
■土石流災害■坡災□海嘯災害",325709.3,2780465.722
28,信義區,義昭里民活動中心,SC201-0004,588.46,118,龔信謀,"（02）24249039
0933101726",基隆市信義區信二路157號,義昭里,"■震災■風災□水災■火災
■土石流災害■坡災□海嘯災害",325890.95,2780317.432
29,信義區,義和里民活動中心,SC201-0006,352.8,71,蔡麗月,"（02）24654065
0912903769",基隆市信義區信一路6號3樓,義和里,"■震災■風災■水災■火災
■土石流災害■坡災■海嘯災害",326381.07,2780243.607
30,信義區,義民里民活動中心,SC201-0007,352.8,71,連轉旺,"（02）24235023
0937872399",基隆市信義區信一路6號4樓,義民里,"■震災■風災■水災■火災
■土石流災害■坡災□海嘯災害",326390.9,2780226.844
31,信義區,智慧里民活動中心,SC201-0008,269.51,54,蔡美玉,"（02）24227999
0933931379",基隆市信義區仁一路7巷61號,"智慧里
智誠里","■震災■風災□水災■火災
■土石流災害■坡災□海嘯災害",326074.25,2780113.502
32,信義區,禮東里民活動中心,SC201-0010,120,24,賴興泉,"（02）24659320
0933933507",基隆市信義區東明路67巷7號,禮東里,"■震災■風災■水災■火災
■土石流災害■坡災■海嘯災害",326883.26,2780063.472
33,信義區,東信里民活動中心,SC201-0012,177.44,36,賴姵綺,"（02）24684012
0919317887",基隆市信義區東信路258巷54號,東信里,"■震災■風災□水災■火災
■土石流災害■坡災■海嘯災害",326903.13,2780375.551
34,信義區,東光里民活動中心,SC201-0013,533,107,黃元良,"（02）24650489
0935098234",基隆市信義區崇法街133號地下室,東光里,"■震災■風災■水災■火災
■土石流災害□坡災■海嘯災害",327472.76,2780893.22
35,信義區,東明里民活動中心,SC201-0014,132.61,27,賴賢義,"（02）24651989
0910140815",基隆市信義區東信路35巷47號1樓,東明里,"■震災■風災□水災□火災
■土石流災害■坡災■海嘯災害",327337.9,2780063.619
36,信義區,東安里民活動中心,SC201-0015,388,78,林睿騰,"（02）24655474
0921816105",基隆市信義區東信路10-2號,東安里,"■震災■風災□水災■火災
■土石流災害□坡災■海嘯災害",327457.46,2780245.602
37,信義區,孝深里民活動中心,SC201-0016,256.08,52,陳茂松,"（02）24651433
0939913036",基隆市信義區深澳坑路75號,孝深里,"■震災■風災■水災■火災
■土石流災害■坡災■海嘯災害",329201.4,2780066.921
38,信義區,孝德里民活動中心,SC201-0019,282.36,57,朱志偉,"（02）2466-7566
0933932098",基隆市信義區東峰街154號,孝德里,"■震災■風災■水災□火災
■土石流災害■坡災■海嘯災害",328320.23,2780457.241
39,信義區,市立體育場,SC201-0020,4084.1,817,張竹修,"（02）24275518 ext.21
0952514825",基隆市信義區信二路40-1號,"轄內各里
義幸、信綠","■震災■風災□水災■火災
■土石流災害■坡災□海嘯災害",326272.51,2780271.562
40,信義區,東信國小,SC201-0022,800,160,黃英人,（02）24652133 ext.30,基隆市信義區正信路26號,信綠里,"■震災■風災■水災■火災
■土石流災害■坡災■海嘯災害",326688.93,2780622.961
41,中正區,中正區公所,SC202-0001,120.51,25,李吉清,"（02）24633341 ext.101
0912571588",基隆市中正區中正路674號7樓,"正濱里
海濱里","■震災■風災■水災■火災
■土石流災害□坡災■海嘯災害",327492.6,2782867.205
42,中正區,和平島聯合里民活動中心,SC202-0002,270.28,55,范詠翔,"(02)24628668
0933102438",基隆市中正區和一路155巷14號,"社寮里
和寮里","■震災■風災■水災■火災
■土石流災害■坡災□海嘯災害",327053.77,2783121.134
43,中正區,建國里民活動中心,SC202-0003,269.73,54,陳?信,"（02）24620798
0916035678",基隆市中正區祥豐街467號2樓,建國里,"■震災■風災■水災■火災
■土石流災害■坡災■海嘯災害",327589.95,2782174.286
44,中正區,砂子里民活動中心,SC202-0004,356.35,72,黃余葉,"（02）24692224
0937981622",基隆市中正區調和街3號3樓,砂子里,"□震災■風災■水災■火災
■土石流災害■坡災□海嘯災害",330312.3,2781419.811
45,中正區,八斗里民活動中心,SC202-0005,204.8,41,范玉蘭,"(02)24691302
0928813226",基隆市中正區八斗街57號,"八斗里
長潭里","□震災■風災■水災■火災
■土石流災害■坡災□海嘯災害",330324.61,2781879.136
46,中正區,砂灣里民活動中心,SC202-0006,286.76,58,簡曉東,"（02）24626870
0935528931",基隆市中正區祥豐街66號3樓,砂灣里,"■震災■風災■水災■火災
■土石流災害■坡災□海嘯災害",327023.36,2781720.524
47,中正區,碧砂里民活動中心,SC202-0007,300,60,黃志強,"（02）24692155
0932070388",基隆市中正區環港街84號2樓,碧砂里,"□震災■風災■水災■火災
■土石流災害■坡災□海嘯災害",329916.19,2781627.277
48,中正區,三砂灣聯合里民活動中心,SC202-0009,200,40,江惠卿,"（02）24271535
0939486526",基隆市中正區中船路11號2樓,"入船里
正船里","□震災■風災■水災■火災
■土石流災害■坡災□海嘯災害",325655.714,2781183.52
49,中正區,中濱里民活動中心,SC202-0010,200,40,黃凱義,"（02）24620181
0989802671",基隆市中正區武昌街70巷23號,中濱里,"■震災■風災■水災■火災
■土石流災害■坡災■海嘯災害",327041.88,2782442.216
50,中正區,平寮里民活動中心,SC202-0012,102.24,21,蔡淑貞,"（02）24631305
0937869965",基隆市中正區和一路186號,"平寮里
和憲里","□震災■風災■水災■火災
■土石流災害■坡災□海嘯災害",327004.28,2783171.955
51,中正區,正砂里民活動中心,SC202-0013,300,60,俞明發,"（02）24620698
0939086368",基隆市中正區中正路211號,"真砂里
正砂里","■震災■風災□水災■火災
■土石流災害■坡災□海嘯災害",326735.978,2781858.675
52,中正區,新豐里民活動中心,SC202-0014,112.68,23,王慧童,"(02)24693885
0982058708",基隆市中正區新豐街482號3樓,新豐里,"■震災■風災■水災■火災
■土石流災害■坡災■海嘯災害",329172.03,2781023.869
53,中正區,中正里民活動中心,SC202-0015,300,60,梁火龍,"(02)24621889
0921840140",基隆市中正區中正路656巷146號,中正里,"■震災■風災□水災■火災
■土石流災害■坡災■海嘯災害",327350.16,2782561.765
54,中正區,信義里民活動中心,SC202-0016,303.75,61,江添丁,"（02）24256399
0919918078",基隆市中正區信六路21號2樓,"信義里
義重里
德義里","■震災■風災■水災■火災
■土石流災害■坡災□海嘯災害",325389.51,2780943.03
55,中正區,港通及正義里民活動中心,SC202-0017,130,26,"簡進發
駱錫賢","（02）24201335
0932356652
（02）24224901
0932161485",基隆市中正區義一路87號7樓之1,"港通里
正義里","■震災■風災□水災■火災
■土石流災害■坡災□海嘯災害",325286.24,2780905.359
56,中正區,中砂里民活動中心,SC202-0018,106.56,22,廖正龍,"（02）24628991
0935151434",基隆市中正區豐稔街50號,中砂里,"■震災■風災□水災■火災
■土石流災害■坡災□海嘯災害",326716.41,2781603.94
57,中正區,八斗高中活動中心,SC202-0019,420,84,施麗玲,（02）24692366 ext.31   0921106255,基隆市中正區新豐街100號,"新豐里
新富里","■震災■風災■水災■火災
■土石流災害■坡災■海嘯災害",329502.46,2781523.307
58,中正區,中正國小活動中心,SC202-0020,1348.43,270,總務主任劉仕容,（02）24223064 ext.30   0939831009,基隆市中正區中船路36巷4號,"中船里
入船里
正船里","■震災■風災□水災■火災
■土石流災害■坡災■海嘯災害",325735.82,2781016.48
59,中正區,基隆海事活動中心,SC202-0021,735.42,148,總務主任楊孟山,（02）24621602     0933356888,基隆市中正區祥豐街246號,海濱里,"□震災■風災□水災■火災
■土石流災害■坡災■海嘯災害",327780.82,2782396.236
60,中正區,和平國小活動中心,SC202-0026,500,100,陳建銘,24622106,基隆市中正區和一路84巷26號,"社寮里
和憲里","■震災■風災■水災■火災
■土石流災害■坡災□海嘯災害",3712125.862,9484160.413
61,中正區,八斗子環保公園,SC202-0027,1.4公頃,500,黃旭鴻專員,(02) 24696000 ext.1014,潮境公園(不含委外停車場，基隆市北寧路369巷內),長潭里  八斗里  新豐里  新富里  碧砂里 砂子里,"■震災■風災□水災■火災
□土石流災害□坡災□海嘯災害□核災",248170.83,2652129.98
62,中正區,國立臺灣海洋大學,SC202-0028,3021,629,"吳晴香
行政組員張文亮","02-24622192#1143
02-24622192#2214",基隆市中正區北寧路2號,海濱里,"■震災□風災□水災□火災
□土石流災害□坡災□海嘯災害",248170.826,2652129.977
63,中山區,新建里民活動中心,SC203-0001,250,50,高瑞堂,"（02）24260823
0935202076",基隆市中山區成功二路2之1號,新建里,"■震災■風災□水災■火災
■土石流災害■坡災□海嘯災害",324345.73,2780322.152
64,中山區,中山里民活動中心,SC203-0004,200,40,張金發,"（02）24242334
0933101445",基隆市中山區中山一路219號2樓,中山里,"■震災■風災■水災■火災
■土石流災害■坡災□海嘯災害",324559.84,2780879.44
65,中山區,民治里民活動中心,SC203-0005,200,40,施財濃,"（02）24234213
0933242239",基隆市中山區中山一路219號1樓,民治里,"■震災■風災■水災■火災
■土石流災害■坡災□海嘯災害",324563.29,2780875.121
66,中山區,中興里民活動中心,SC203-0006,200,40,李進發,"（02）24238360
0931070551",基隆市中山區中山二路11號,中興里,"■震災■風災■水災■火災
■土石流災害■坡災□海嘯災害",324698.28,2781174.471
67,中山區,仁正里民活動中心,SC203-0007,250,50,陳炳楠,"（02）24231711
0933143101",基隆市中山區中山二路109巷13號,仁正里,"■震災■風災■水災■火災
■土石流災害■坡災■海嘯災害",324479.66,2781568.149
68,中山區,健民里民活動中心,SC203-0008,250,50,劉健鑑,"（02）24220926
0932075277",基隆市中山區健民街5號,健民里,"■震災■風災□水災■火災
■土石流災害■坡災■海嘯災害",324369.92,2781745.029
69,中山區,通化里民活動中心,SC203-0009,450,90,徐麗玲,"（02）24225977
0963068968",基隆市中山區復旦路10號,通化里,"■震災■風災□水災■火災
■土石流災害■坡災□海嘯災害",324539.63,2782096.038
70,中山區,居仁里民活動中心,SC203-0010,275,55,鄭淑華,"（02）24222301
0918029692",基隆市中山區通仁街162號,居仁里,"■震災■風災■水災■火災
■土石流災害■坡災■海嘯災害",324016.11,2781909.018
71,中山區,通明里民活動中心,SC203-0011,300,60,林寶?,"（02）24238842
0922803379",基隆市中山區中華路46巷2號,通明里,"■震災■風災□水災■火災
■土石流災害■坡災■海嘯災害",324427.23,2782410.795
72,中山區,協和里民活動中心,SC203-0012,250,50,張中信,"（02）24276688
0926717168",基隆市中山區協和街150號,協和里,"■震災■風災□水災■火災
■土石流災害■坡災■海嘯災害",324039.12,2783379.62
73,中山區,文化里民活動中心,SC203-0013,300,60,梁高淑榛,"（02）24239180
0910280944",基隆市中山區文化路161巷44之5號,文化里,"■震災■風災■水災■火災
■土石流災害■坡災■海嘯災害",323764.11,2782981.246
74,中山區,仙洞里民活動中心,SC203-0014,300,60,何銘松,"（02）24264626
0910252418",基隆市中山區太白街2之3號,仙洞里,"■震災■風災□水災■火災
■土石流災害■坡災□海嘯災害",325250.77,2782347.725
75,中山區,太白里民活動中心,SC203-0015,200,40,陳貴文,"（02）24264512
0932260497",基隆市中山區光華路7號2樓,太白里,"■震災■風災■水災■火災
■土石流災害□坡災□海嘯災害",324904.76,2782796.936
76,中山區,西榮里民活動中心,SC203-0016,250,50,許美玉,"（02）24282233
0933102437",基隆市中山區西定路80巷48號,西榮里,"■震災■風災■水災■火災
■土石流災害■坡災■海嘯災害",324254.92,2780738.511
77,中山區,西華里民活動中心,SC203-0017,100,20,陳麗環,"（02）24263535
0937053938",基隆市中山區西定路102號,西華里,"■震災■風災□水災■火災
■土石流災害■坡災□海嘯災害",324133.413,2780781.422
78,中山區,西定里民活動中心,SC203-0018,500,100,陳文宗,"（02）24270156
0920797667",基隆市中山區西定路230號3樓,西定里,"■震災■風災■水災■火災
■土石流災害■坡災□海嘯災害",323832.38,2781165.7
79,中山區,西康里民活動中心,SC203-0019,150,30,張繼志,"(02)24372500
0919393914",基隆市中山區復興路24號,西康里,"■震災■風災■水災■火災
■土石流災害■坡災■海嘯災害",323303.95,2781638.275
80,中山區,德和里民活動中心,SC203-0020,250,50,曾聖為,"（02）24372440
0982109172",基隆市中山區復興路206號,德和里,"■震災■風災■水災■火災
■土石流災害■坡災■海嘯災害",323277.05,2782194.038
81,中山區,中和里民活動中心,SC203-0021,350,70,陳恭訊,"(02)24281890
0932072165",基隆市中山區中平街95號,中和里,"■震災■風災■水災■火災
■土石流災害□坡災■海嘯災害",322850.2,2781676.169
82,中山區,中和國小（教室）,SC203-0022,250,50,張宏誠主任,"（02）24371751*30
0910954006",基隆市中山區中和路64號,中和里,"■震災■風災■水災■火災
■土石流災害■坡災■海嘯災害",322630.28,2782160.928
83,中山區,德安里民活動中心,SC203-0023,225,45,謝銘傳,"（02）24374723
0935588807",基隆市中山區復興路259巷1之1號,德安里,"■震災■風災■水災■火災
■土石流災害■坡災■海嘯災害",323235.25,2782576.437
84,中山區,和平里民活動中心,SC203-0024,100,20,張和妹,"（02）24246436
0963068858",基隆市中山區中山三路103巷82之2號,和平里,"■震災■風災■水災■火災
■土石流災害□坡災■海嘯災害",325049.86,2781788.678
85,中山區,大慶活動中心（和慶）,SC203-0025,600,120,葉錦地,"（02）24377878
0933101087",基隆市中山區中和路168巷10弄37號,和慶里,"■震災■風災■水災■火災
■土石流災害□坡災■海嘯災害",322112.46,2782691.537
86,中山區,通明里休閒活動中心,SC203-0026,300,60,林寶?,"（02）24238842
0922803379",基隆市中山區中華路42號,通明里,"■震災■風災□水災■火災
■土石流災害■坡災■海嘯災害",324429.02,2782363.526
87,中山區,中山高中活動中心,SC203-0027,800,160,"郭偉志
吳文貴","（02）24248191 ext.32
0922254100",基隆市中山區文化路162號,文化里,"■震災■風災■水災■火災
■土石流災害■坡災■海嘯災害",323661.78,2783052.475
88,中山區,中山高中分部活動中心,SC203-0028,1000,200,王美娥,"（02）24242802 ext.20
0910392015",基隆市中山區中山二路105巷144號,仁正里,"■震災■風災■水災■火災
■土石流災害■坡災■海嘯災害",324357.92,2781484.829
89,中山區,中山區公所,SC203-0029,250,50,周國賢,"（02）24232181 ext.204
0920939746",基隆市中山區文化路168號5樓,文化里,"■震災■風災■水災■火災
■土石流災害□坡災■海嘯災害",323543.93,2782882.062
90,中山區,仙洞國小活動中心,SC203-0030,383,76,陳建宏,"(02)24223031ext30
0911930325",基隆市中山區仁安街141號,仙洞里,"■震災■風災□水災□火災
□土石流災害□坡災□海嘯災害",325274.675,2782302.457
91,中山區,中山國小活動中心,SC203-0031,432,86,王雁音,"(02)24223053ext30
0937193070",基隆市中山區通仁街28號,居仁里,"■震災■風災■水災■火災
■土石流災害■坡災■海嘯災害",324381.218,2782139.838
92,安樂區,安樂區公所(二樓禮堂),SC204-0001,378,76,駱文章,（02）24312118 ext.101,基隆市安樂區安樂路二段164號2樓,鶯安里,"■震災■風災■水災■火災
■土石流災害■坡災■海嘯災害",322942.19,2779378.574
93,安樂區,鶯歌里民活動中心,SC204-0002,635,127,何進守,"（02）24319835
0936460197",基隆市安樂區安樂路二段164號9樓,鶯歌里,"■震災■風災■水災■火災
■土石流災害■坡災■海嘯災害",322930.1,2779379.061
94,安樂區,四維里民活動中心,SC204-0003,300,60,蔣加偉,"（02）24335805
0953716345",基隆市安樂區安和一街128之1號,四維里,"■震災■風災■水災■火災
■土石流災害■坡災■海嘯災害",322993.51,2779912.17
95,安樂區,三民里民活動中心,SC204-0004,445,89,許超勝,"（02）24345158
0930077330",基隆市安樂區麥金路439巷2號,三民里,"■震災■風災■水災■火災
■土石流災害■坡災■海嘯災害",322501.75,2779935.474
96,安樂區,七賢里民活動中心,SC204-0005,270,54,林慶寶,"（02）24323787
0937426339",基隆市安樂區安和一街10號,七賢里,"■震災■風災■水災■火災
■土石流災害■坡災■海嘯災害",322916.41,2779578.42
97,安樂區,興寮里民活動中心,SC204-0006,370,74,連淑慧,"（02）24329977
0928239796",基隆市安樂區基金一路41號,興寮里,"■震災■風災■水災■火災
■土石流災害■坡災■海嘯災害",322623.32,2781031.986
98,安樂區,內寮里民活動中心,SC204-0007,635,127,陳玉慧,"（02）24327738
0933931377",基隆市安樂區武聖街9號,內寮里,"■震災■風災■水災■火災
■土石流災害■坡災■海嘯災害",320168.32,2783353.607
99,安樂區,長樂國小餐廳旁空間,SC204-0008,504,101,禹金華,"24323252
0928555373",基隆市安樂區樂利三街34巷52號,五福里,"■震災■風災■水災■火災
■土石流災害■坡災■海嘯災害",321954.76,2779802.154
100,安樂區,中崙里民活動中心,SC204-0009,655,131,李源林,"（02）24310558
0911932666",基隆市安樂區基金二路3巷3號,"中崙里
武崙里
新崙里","■震災■風災■水災■火災
■土石流災害■坡災■海嘯災害",320808.93,2781803.75
101,安樂區,新西里民活動中心,SC204-0010,370,74,陳漢昭,"（02）24223094
0932926197",基隆市安樂區新西街106-1號,新西里,"■震災■風災□水災■火災
■土石流災害■坡災■海嘯災害",323316.33,2781478.64
102,安樂區,安和、慈仁里民活動中心,SC204-0011,700,140,童意鵬,"（02）24224479
0932235266",基隆市安樂區安一路177巷23號,"安和里
慈仁里
樂一里","■震災■風災□水災■火災
■土石流災害■坡災□海嘯災害",323797.32,2780572.244
103,安樂區,安樂國小活動中心,SC204-0013,1368,274,總務主任李狀翔,（02）24220814#30、31,基隆市安樂區安一路177巷23號,"永康里
嘉仁理","■震災■風災■水災■火災
■土石流災害■坡災■海嘯災害",323630.14,2780393.421
104,安樂區,安樂高中活動中心,SC204-0014,875,175,總務主任王培倫,（02）24236600#31,基隆市安樂區安一路360號,定國里,"■震災■風災■水災■火災
■土石流災害■坡災■海嘯災害",323938.26,2780773.033
105,安樂區,西川里民活動中心,SC204-0015,350,70,王忠誠,"（02）24247319
0911240185",基隆市安樂區新西街1號,西川里,"■震災■風災□水災■火災
■土石流災害■坡災□海嘯災害",323831.23,2781094.694
106,安樂區,干城里民活動中心,SC204-0016,1000,200,俞秀真,"（02）24237172
0922397993",基隆市安樂區安一路278巷31之1號,干城里,"■震災■風災□水災■火災
■土石流災害■坡災■海嘯災害",323567.81,2780645.782
107,安樂區,外寮里民活動中心,SC204-0017,350,70,吳芊汝,"（02）24335651
0912897582",基隆市安樂區基金一路129巷6-1號,外寮里,"■震災■風災■水災■火災
■土石流災害■坡災■海嘯災害",321879.11,2781356.691
108,安樂區,壯觀里民活動中心,SC204-0018,150,30,楊添發,"（02）24324741
0910050023",基隆市安樂區樂利二街62巷282號地下層,壯觀里,"■震災■風災■水災■火災
■土石流災害■坡災■海嘯災害",322151.84,2779404.442
109,安樂區,長樂國小活動中心,SC204-0019,1056,212,禹金華,（02）24322765 ext.31,基隆市安樂區樂利三街30巷123號,"長樂里
六合里","■震災■風災■水災■火災
■土石流災害■坡災■海嘯災害",322077.75,2780100.654
110,暖暖區,八中里民活動中心,SC205-0001,206.7,42,俞偉明,"（02）24568920
0919394019",基隆市暖暖區金華街204號,八中里,"■震災■風災□水災■火災
■土石流災害■坡災■海嘯災害",323521,2778117.922
111,暖暖區,八西里民活動中心,SC205-0002,46.2,10,蘇欽榮,"（02）24573066
0921928945",基隆市暖暖區八堵路35-2號,八西里,"■震災■風災■水災■火災
■土石流災害■坡災■海嘯災害",324230.04,2778227.398
112,暖暖區,八南里民活動中心,SC205-0004,328.2,66,陳碧琴,"（02）24562205
0932845867",基隆市暖暖區源遠路27號,八南里,"■震災■風災□水災■火災
■土石流災害□坡災■海嘯災害",323817.24,2777991.148
113,暖暖區,暖暖里民活動中心,SC205-0005,300,60,陳建興,"（02）24574808
0933059778",基隆市暖暖區暖暖街281巷58號,暖暖里,"■震災■風災■水災■火災
■土石流災害■坡災■海嘯災害",324176.07,2776736.582
114,暖暖區,暖同里民活動中心,SC205-0006,319.04,64,李傳河,"（02）24573552
0920183307",基隆市暖暖區暖暖街16巷41號,暖同里,"■震災■風災■水災■火災
■土石流災害■坡災■海嘯災害",324359.14,2777228.053
115,暖暖區,暖西里民活動中心,SC205-0007,477,96,周明信,"（02）24581888
0972186221",基隆市暖暖區東勢街26巷69號,暖西里,"■震災■風災■水災■火災
■土石流災害□坡災■海嘯災害",324436.06,2776516.096
116,暖暖區,暖東里民活動中心,SC205-0008,198,40,(尚未選舉),（02）24572981,基隆市暖暖區東勢街54-10號,暖東里,"■震災■風災■水災■火災
■土石流災害■坡災■海嘯災害",325487.528,2775242.57
117,暖暖區,碇祥里民活動中心,SC205-0010,425,85,林義忠,"（02）24574591
0935750806",基隆市暖暖區碇內街100號,碇祥里,"■震災■風災■水災□火災
■土石流災害■坡災■海嘯災害",326035.26,2776564.719
118,暖暖區,碇安里民活動中心,SC205-0011,315.87,64,余冠龍,"（02）24577135
0937508797",基隆市暖暖區源遠路277巷23號,碇安里,"■震災■風災■水災■火災
■土石流災害■坡災■海嘯災害",326204.19,2777049.65
119,暖暖區,碇內里民活動中心,SC205-0012,156.66,32,林錦隆,"（02）24576802
0928509475",基隆市暖暖區暖碇路15巷136號,碇內里,"■震災■風災■水災■火災
■土石流災害■坡災■海嘯災害",326026.98,2776602.896
120,暖暖區,基隆高中,SC205-0014,1730.4,347,林永隆,"（02）24582052#240
0919958300",基隆市暖暖區源遠路20號,"暖西里
暖東里
暖暖里
暖同里
八堵里
八中里
八西里
八南里","■震災■風災■水災■火災
■土石流災害■坡災■海嘯災害",323917.4,2777905.479
121,暖暖區,碇內國中,SC205-0015,1143.7,229,總務主任王淳純,"（02）24586105#31
0928813443",基隆市暖暖區源遠路152巷75號,"碇內里
碇和里
碇安里
碇祥里","■震災■風災■水災■火災
■土石流災害■坡災■海嘯災害",326073.55,2777013.457
122,暖暖區,碇內15號公園,SC205-0016,1000,200,邱志宏,"(02)24579121#501
0918-438788",基隆市暖暖區碇內街100號,碇祥里,"■震災■風災□水災■火災
□土石流災害□坡災□海嘯災害□核災",25.095582,121.754496
123,七堵區,長興里民活動中心,SC206-0001,260,52,姚琴富,"（02）24563563
0932260909",基隆市七堵區東新街25號,長興里,"□震災■風災□水災■火災
■土石流災害■坡災■海嘯災害",322439.4,2776449.869
124,七堵區,基隆高級商工職業學校,SC206-0002,2057.81,500,述務組長梁淑娟,"（02）24567126#231
0958348555",基隆市七堵區東新街22號,長興里,"■震災■風災□水災■火災
■土石流災害■坡災■海嘯災害",322348.14,2776477.306
125,七堵區,永平里民活動中心,SC206-0004,375,90,林東漢,"（02）24566659
0935042972",基隆市七堵區崇智街13-1號,"永平里
永安里","■震災■風災□水災■火災
■土石流災害■坡災■海嘯災害",321956.37,2776988.022
126,七堵區,七堵國小活動中心,SC206-0005,3426,600,總務主任黃青鋒,"（02）24567116轉31
0919293934",基隆市七堵區明德一路184號,"永平里
永安里
富民里","■震災■風災□水災■火災
■土石流災害■坡災■海嘯災害",321976.7,2776794.735
127,七堵區,八德里民活動中心,SC206-0006,70,14,余文財,"（02）24564002
0937872055",基隆市七堵區八德路70號,八德里,"■震災■風災□水災■火災
■土石流災害■坡災■海嘯災害",323412.99,2778483.962
128,七堵區,八德土地公廟,SC206-0007,60,12,余文財,"（02）24564002
0937872055",基隆市七堵區大華一路57巷43-4號,八德里,"■震災■風災□水災■火災
■土石流災害■坡災■海嘯災害",322272.84,2777172.793
129,七堵區,自強里民活動中心,SC206-0008,180,36,張仁化,"（02）24569686
0937872055",基隆市七堵區自強路1號,自強里,"■震災■風災□水災■火災
■土石流災害■坡災■海嘯災害",321834.97,2777291.561
130,七堵區,六堵里民活動中心,SC206-0009,237.7,48,廖國勳,"（02）24514632
0930193451",基隆市七堵區工建路104巷17-2號,六堵里,"□震災■風災□水災■火災
■土石流災害■坡災■海嘯災害",320793.34,2776013.865
131,七堵區,泰安里民活動中心,SC206-0010,210,42,詹仁豪,"（02）24522539
0937874580",基隆市七堵區泰和街57號,泰安里,"■震災■風災■水災■火災
■土石流災害■坡災■海嘯災害",321698.27,2775537.339
132,七堵區,五堵國小活動中心,SC206-0011,1787.17,358,黃正昆校長,"(02)24511457
0931102457",基隆市七堵區百一街25號,堵北里,"■震災□風災■水災■火災
■土石流災害■坡災■海嘯災害",319232.0385,2774989.199
133,七堵區,堵南國小活動中心,SC206-0012,1243,180,總務主任葉博仁,"（02）24511339#30
0936580825",基隆市七堵區大德路120號,堵南里,"■震災■風災□水災■火災
■土石流災害■坡災■海嘯災害",319821.71,2775177.006
134,七堵區,堵南里民活動中心,SC206-0013,200,40,余佩儒,"（02）24511868
0952425736",基隆市七堵區堵南街20-8號,堵南里,"■震災■風災□水災■火災
■土石流災害■坡災■海嘯災害",319784.775,2775312.377
135,七堵區,瑪陵國小活動中心,SC206-0014,200,30,總務陳士文,"（02）24565663#30
0919393600",基隆市七堵區大成街1號,瑪南里,"■震災■風災□水災■火災
■土石流災害■坡災■海嘯災害",319576.51,2778123.833
136,七堵區,瑪東里民活動中心,SC206-0015,280,56,李文良,"（02）24565293
0910107402",基隆市七堵區大同街29-3號,瑪東里,"■震災■風災■水災■火災
■土石流災害□坡災■海嘯災害",320428.35,2779462.256
137,七堵區,瑪西里民活動中心,SC206-0016,361,73,陳美雲,"（02）24553986
0912570571",基隆市七堵區大華三路75之1號,瑪西里,"■震災■風災■水災■火災
■土石流災害■坡災■海嘯災害",318309.51,2780190.45
138,七堵區,友一里民活動中心,SC206-0017,175,40,蕭雪,"（02）24517883
0937929057",基隆市七堵區華新一路59-1號,友一里,"□震災■風災□水災□火災
■土石流災害■坡災■海嘯災害",317462.24,2776142.845
139,七堵區,復興國小,SC206-0018,175,35,總務主任黃英人,"（02）24515601#30
0911938515",基隆市七堵區華新二路21號,友二里,"■震災■風災□水災■火災
□土石流災害□坡災■海嘯災害",317118.04,2777830.96
140,七堵區,七堵行政大樓6樓,SC206-0019,1000,200,謝振和,"（02）24566171
0972165722",基隆市七堵區光明路21號6樓,"正光里
正明里","■震災■風災■水災■火災
■土石流災害■坡災■海嘯災害",321732.188,2776296.844
141,七堵區,百福里民活動中心,SC206-0020,200,40,何孟翰,"（02）24519577
0935207865",基隆市七堵區實踐路263號,百福里,"■震災■風災□水災■火災
■土石流災害■坡災■海嘯災害",320104.76,2775719.737
142,七堵區,百福國中活動中心,SC206-0021,600,191,總務主任陳靜婷,"（02）24511158#30
0911909119",基隆市七堵區福五街1號,百福里,"■震災■風災□水災□火災
■土石流災害■坡災■海嘯災害",320475.71,2775226.398
143,七堵區,實踐里民活動中心,SC206-0022,105,50,吳麗如,"（02）24518581
0937506807",基隆市七堵區百一街52-1號,實踐里,"■震災■風災□水災■火災
■土石流災害■坡災■海嘯災害",320651.89,2774934.291
144,七堵區,長安里民活動中心,SC206-0023,300,60,張聰龍,"（02）24511858
0933597629",基隆市七堵區長安街31號,長安里,"■震災■風災□水災■火災
■土石流災害■坡災■海嘯災害",319887.13,2774495.87
